X,Y,E,N,A,B,C
-117.403,35.698,76.32944,-25.00048,1,1,0.5
-117.192,35.621,27.0951,-2.69152,1,1,0.5
-117.671,35.565,-10.28675,21.20006,1,1,0.5
-117.39,35.897,8.21706,-14.64271,1,1,0.5
-118.074,35.878,-11.92688,1.30198,1,1,0.5
-117.41,36.159,-2.28591,-10.12516,1,1,0.5
-117.683,35.339,1.88455,9.75198,1,1,0.5
-116.888,35.711,7.50694,-0.49414,1,1,0.5
-118.26,35.667,-6.70334,-0.06,1,1,0.5
-116.889,35.425,4.44848,-0.99015,1,1,0.5
-116.889,35.425,4.32491,-1.1138,1,1,0.5
-117.893,35.425,-0.95767,4.30376,1,1,0.5
-117.303,35.239,-0.37071,4.33284,1,1,0.5
-117.573,35.072,0.30892,3.89657,1,1,0.5
-116.89,35.998,3.83018,-0.247,1,1,0.5
-117.365,35.117,-0.30891,3.74215,1,1,0.5
-117.165,36.022,2.19339,-2.7865,1,1,0.5
-118.474,35.662,-3.52158,-0.30943,1,1,0.5
-118.261,36.093,-3.3679,0.68192,1,1,0.5
-117.205,35.388,2.93495,1.51703,1,1,0.5
-118.557,35.738,-3.18227,-0.27928,1,1,0.5
-118.498,35.591,-3.15088,0.12509,1,1,0.5
-117.543,34.987,0.24713,2.81291,1,1,0.5
-117.789,36.531,-0.0927,-2.75817,1,1,0.5
-117.532,36.614,-0.52521,-2.6644,1,1,0.5
-117.299,35.012,0.30891,2.41196,1,1,0.5
-116.572,35.321,1.9462,-0.6545,1,1,0.5
-118.016,35.152,0.55604,1.88677,1,1,0.5
-118.017,35.152,0.43248,1.88664,1,1,0.5
-116.122,35.526,1.91513,-0.1861,1,1,0.5
-118.017,35.152,0.43248,1.79402,1,1,0.5
-118.124,35.378,-1.57558,0.95522,1,1,0.5
-118.006,35.039,0.40159,1.70124,1,1,0.5
-117.407,36.804,-0.30895,-1.64091,1,1,0.5
-118.754,35.421,-1.66811,-0.00046,1,1,0.5
-119.045,35.413,-1.45174,-0.06267,1,1,0.5
-119.063,36.027,-1.38991,-0.0332,1,1,0.5
-117.799,34.76,0.33982,1.29797,1,1,0.5
-118.127,35.254,-0.58698,1.2064,1,1,0.5
-117.268,34.785,0.33982,1.29561,1,1,0.5
-117.994,36.606,0.12357,-1.32935,1,1,0.5
-117.549,34.634,0.40161,1.26973,1,1,0.5
-116.763,35.205,1.29749,-0.02953,1,1,0.5
-117.729,34.51,0.18536,1.1746,1,1,0.5
-118.132,36.467,-0.0618,-1.1466,1,1,0.5
-117.828,34.64,0.09268,1.14426,1,1,0.5
-118.193,34.875,-0.09267,1.14423,1,1,0.5
-117.388,34.607,-0.30893,1.05242,1,1,0.5
-116.08,35.287,1.05022,-0.18345,1,1,0.5
-117.955,34.449,-0.33984,0.99211,1,1,0.5
-118.091,36.57,0.4016,-0.92593,1,1,0.5
-118.139,34.662,0.06179,0.99003,1,1,0.5
-118.415,35.158,-0.7724,0.46498,1,1,0.5
-117.845,34.458,0.24716,0.86535,1,1,0.5
-116.671,34.937,0.89584,0.06134,1,1,0.5
-117.838,34.586,0.03089,0.89519,1,1,0.5
-118.399,34.618,-0.83412,0.30668,1,1,0.5
-117.281,34.535,-0.0309,0.86455,1,1,0.5
-118.911,35.201,-0.83398,0.06098,1,1,0.5
-117.678,34.382,0.309,0.77233,1,1,0.5
-117.704,37.201,0,-0.8053,1,1,0.5
-117.923,34.508,-0.12357,0.77267,1,1,0.5
-118.47,35.143,-0.64876,0.4301,1,1,0.5
-119.243,35.75,-0.77218,0.06423,1,1,0.5
-118.541,34.822,-0.09267,0.74217,1,1,0.5
-116.94,35.09,0.5561,0.49592,1,1,0.5
-119.237,35.744,-0.74129,0.06412,1,1,0.5
-118.121,34.501,0.4943,0.55411,1,1,0.5
-119.237,35.744,-0.74129,0.03318,1,1,0.5
-117.012,34.919,-0.0309,0.73872,1,1,0.5
-118.939,34.962,-0.71047,0.15452,1,1,0.5
-118.848,34.792,-0.30894,0.65095,1,1,0.5
-118.245,34.629,-0.12358,0.67919,1,1,0.5
-118.03,34.527,0.09268,0.67882,1,1,0.5
-119.237,35.744,-0.67952,0.06454,1,1,0.5
-118.118,36.976,-0.06179,-0.67944,1,1,0.5
-117.11,34.621,0.15447,0.6488,1,1,0.5
-117.835,34.485,0.24715,0.61611,1,1,0.5
-117.394,34.462,0,0.65093,1,1,0.5
-117.154,34.468,0.0309,0.64837,1,1,0.5
-119.229,36.324,-0.61773,-0.02943,1,1,0.5
-118.612,35.139,-0.587,0.09213,1,1,0.5
-118.955,36.586,-0.58693,0.03169,1,1,0.5
-119.349,35.623,-0.58686,-0.03074,1,1,0.5
-116.104,35.142,0.40156,-0.40253,1,1,0.5
-116.932,34.669,0.09269,0.55308,1,1,0.5
-118.83,34.946,-0.52513,0.18745,1,1,0.5
-118.656,34.944,-0.46346,0.27779,1,1,0.5
-118.893,34.8,0.30895,0.43489,1,1,0.5
-116.815,34.675,0.0618,0.52703,1,1,0.5
-118.545,34.771,-0.27803,0.4347,1,1,0.5
-118.868,34.808,-0.33985,0.31003,1,1,0.5
-118.879,34.835,-0.43253,0.12157,1,1,0.5
-116.468,36.84,-0.15446,-0.4017,1,1,0.5
-116.88,34.462,0.09268,0.33925,1,1,0.5
-116.336,34.829,0.33982,-0.06489,1,1,0.5
-118.984,35.011,-0.33979,0.02939,1,1,0.5
-116.43,34.755,0.18535,0.27998,1,1,0.5
-116.625,34.644,-0.27807,-0.03309,1,1,0.5
-118.669,34.695,-0.24716,-0.06484,1,1,0.5